model,tuned,cv_r2,cv_r2_std,cv_mae,cv_mae_std,cv_rmse,cv_medape,train_r2,test_r2,test_mae,test_rmse,test_medape,seconds,size_mb
Extra Trees,False,0.8204001399665272,0.08321501889040399,1.1659945345246907,0.05341938292677099,4.663540439260513,10.389765539114082,0.9213424788058555,0.8666743183798632,1.1447684444314048,4.0554186853785765,10.002209850548288,21.02334908299963,110.1
Extra Trees (tuned),True,0.8204588217471442,0.08151024741721856,1.1675353692535562,0.05328948179147957,4.665838596877489,10.37259856482429,0.9225053360055968,0.8669658450996607,1.1475446211273634,4.050982518704599,10.072256313172339,273.17276533399854,73.5
Hist Gradient Boosting (tuned),True,0.818469238824005,0.09505012087998131,1.1899979770105051,0.06767792154571305,4.666103657894741,10.283509427343073,0.8919203376327764,0.8626207776246095,1.1365715459685497,4.116606148748279,9.782678091904137,538.398562792001,2.4
Random Forest,False,0.8186740279110178,0.09442982848757706,1.2056129506360445,0.06003920602758032,4.669301955348707,10.762575554416406,0.9241616135478882,0.8720022041245928,1.1633173974947872,3.9735623964628197,10.534328390512048,15.61939670799984,
Random Forest (tuned),True,0.8188068587115265,0.09456402479533867,1.2084694577352486,0.05824284463629326,4.6670639275997345,10.795630293152977,0.922849487858336,0.8733089140738991,1.165594646432512,3.953227618849663,10.623338042680972,201.96452483300163,
Hist Gradient Boosting,False,0.8077403570505993,0.09479044393049374,1.2544127698249834,0.05557618987116898,4.812694070734559,10.871196548933767,0.871622755049968,0.8512880187711869,1.212118883781065,4.283036459006445,10.700792743777123,12.886400499999581,
Ridge Regression,False,0.7766086301303384,0.09201637682000086,1.360231558934173,0.07178713796828592,5.215040986536542,11.23155964470345,0.9036978794864284,0.7865470420597256,1.360551881429771,5.131329230285586,11.244117087443875,1.1864383749998524,
Linear Regression,False,0.7767484078249179,0.0954900033155591,1.3626828791882304,0.07410538259474647,5.207452332687213,11.265136466854102,0.897144940347492,0.7839611323052638,1.3621086600999812,5.162317810208617,11.277828352894382,1.7411354999967443,
K-Nearest Neighbours,False,0.7765145908034408,0.08803471160282826,1.3817286447198165,0.055782981867903876,5.2175245605027,11.91476775896608,0.902758911886463,0.8405062879422744,1.33256041582482,4.4355816127421095,11.54834322767043,17.974243582997588,
Gradient Boosting,False,0.7837198828471836,0.09300503136150023,1.415079345183273,0.062407560320834554,5.117365725945779,12.754811105254687,0.8840300833884326,0.8025450744270662,1.3941037838616135,4.935291139969364,12.010689914265098,31.13532295799814,
Decision Tree,False,0.740876361755341,0.09425499134037095,1.5834941602975299,0.06951871814876626,5.618717314899186,14.095158150864847,0.9275997188756568,0.8355464544659006,1.4996512782616624,4.504021055077274,13.746050279963237,2.4355829170017387,
Baseline (median price),False,-0.053931396119065014,0.004746573182790252,4.738930082952431,0.08426507775347097,11.421238346230592,45.90402288554348,-0.053493402770260004,-0.05368846415367101,4.714681744312026,11.400788899329974,46.19047619047619,0.915891874999943,
